{"workSpaceList":[{"document":{"doc_lines":[["#","我的资源"],["##","程序设计"],["###","软件设计"]],"modified":false,"file_path":"C:\\Users\\21714\\Desktop\\Code\\SoftwareDesign\\lab1\\SoftwareDesignLab1\\test6.md","edit_lines":[["insert","1","##","程序设计"],["insert","1","#","我的资源"],["insert","3","###","软件设计"]],"record_edit":true},"workspace_name":"test6"},{"document":{"doc_lines":[["#","大学合集"],["1.","复旦大学"]],"modified":false,"file_path":"C:\\Users\\21714\\Desktop\\Code\\SoftwareDesign\\lab1\\SoftwareDesignLab1\\test7.md","edit_lines":[["insert","1","#","大学合集"],["insert","2","1.","复旦大学"],["insert","3","2.","上海交通大学"],["undo","insert","3","2.","上海交通大学"]],"record_edit":true},"workspace_name":"test7"}],"currentWorkspace":1}